{
    "name": "Zetaboard",
	"lighting": "none",
    "matrix": {
        "rows": 10,
        "cols": 8
    },
    "layouts": {
        "keymap":
		[
  [
    {
      "x": 3.25
    },
    "0,3",
    {
      "x": 10
    },
    "5,3"
  ],
  [
    {
      "y": -0.75,
      "x": 2.25
    },
    "0,2",
    {
      "x": 1
    },
    "0,4",
    "0,5",
    "0,6",
    {
      "x": 4
    },
    "5,6",
    "5,5",
    "5,4",
    {
      "x": 1
    },
    "5,2"
  ],
  [
    {
      "y": -0.5,
      "x": 16.25
    },
    "5,1",
    {
      "w": 1.25
    },
    "5,0"
  ],
  [
    {
      "y": -0.87,
      "w": 1.25
    },
    "0,0",
    "0,1"
  ],
  [
    {
      "y": -0.88,
      "x": 3.25
    },
    "1,3",
    {
      "x": 10
    },
    "6,3"
  ],
  [
    {
      "y": -0.75,
      "x": 2.25
    },
    "1,2",
    {
      "x": 1
    },
    "1,4",
    "1,5",
    "1,6",
    {
      "x": 4
    },
    "6,6",
    "6,5",
    "6,4",
    {
      "x": 1
    },
    "6,2"
  ],
  [
    {
      "y": -0.5,
      "x": 16.25
    },
    "6,1",
    {
      "w": 1.25
    },
    "6,0"
  ],
  [
    {
      "y": -0.8700000000000001,
      "w": 1.25
    },
    "1,0",
    "1,1"
  ],
  [
    {
      "y": -0.8799999999999999,
      "x": 3.25
    },
    "2,3",
    {
      "x": 10
    },
    "7,3"
  ],
  [
    {
      "y": -0.75,
      "x": 2.25
    },
    "2,2",
    {
      "x": 1
    },
    "2,4",
    "2,5",
    "2,6",
    {
      "x": 4
    },
    "7,6",
    "7,5",
    "7,4",
    {
      "x": 1
    },
    "7,2"
  ],
  [
    {
      "y": -0.5,
      "x": 16.25
    },
    "7,1",
    {
      "w": 1.25
    },
    "7,0"
  ],
  [
    {
      "y": -0.8700000000000001,
      "w": 1.25
    },
    "2,0",
    "2,1"
  ],
  [
    {
      "y": -0.8799999999999999,
      "x": 3.25
    },
    "3,3",
    {
      "x": 10
    },
    "8,3"
  ],
  [
    {
      "y": -0.75,
      "x": 2.25
    },
    "3,2",
    {
      "x": 1
    },
    "3,4",
    "3,5",
    {
      "x": 6
    },
    "8,5",
    "8,4",
    {
      "x": 1
    },
    "8,2"
  ],
  [
    {
      "y": -0.5,
      "x": 16.25
    },
    "8,1",
    {
      "w": 1.25
    },
    "8,0"
  ],
  [
    {
      "y": -0.8700000000000001,
      "w": 1.25
    },
    "3,0",
    "3,1"
  ],
  [
    {
      "y": -0.8799999999999999,
      "x": 3.25
    },
    "4,3",
    {
      "x": 10
    },
    "9,3"
  ],
  [
    {
      "y": -0.75,
      "x": 2.25
    },
    "4,2",
    {
      "x": 1
    },
    "4,4",
    {
      "x": 8
    },
    "9,4",
    {
      "x": 1
    },
    "9,2"
  ],
  [
    {
      "y": -0.5,
      "x": 16.25
    },
    "9,1",
    {
      "w": 1.25
    },
    "9,0"
  ],
  [
    {
      "y": -0.8700000000000001,
      "w": 1.25
    },
    "4,0",
    "4,1"
  ],
  [
    {
      "r": 45,
      "rx": 6.5,
      "ry": 4.25,
      "y": -1,
      "x": 0.25
    },
    "3,6",
    "3,7"
  ],
  [
    {
      "x": 0.25,
      "h": 1.5
    },
    "4,6",
    {
      "h": 1.5
    },
    "4,7"
  ],
  [
    {
      "r": -45,
      "rx": 12.25,
      "y": -1.25,
      "x": -2.75
    },
    "8,7",
    "8,6"
  ],
  [
    {
      "x": -2.75,
      "h": 1.5
    },
    "9,7",
    {
      "h": 1.5
    },
    "9,6"
  ]
]
	}
}